{
    "TTMPA": {
        "t1": [
            {
                "MINCOA": 0.0,
                "MINGAS": 1657.9788162181,
                "PWRCOA": 0.0,
                "PWRGAS": 828.9894081091,
                "PWRTRN": 2584.6535739329,
                "MINSOL": 282.9949983671,
                "MINWND": 0.0,
                "PWRSOL": 282.9949983671,
                "PWRWND": 0.0,
                "MINHYD": 2014.1295232171,
                "PWRHYD": 2014.1295232171
            }
        ],
        "t2": [
            {
                "MINCOA": 0.0,
                "MINGAS": 1657.9788162181,
                "PWRCOA": 0.0,
                "PWRGAS": 828.9894081091,
                "PWRTRN": 2584.6535739329,
                "MINSOL": 282.9949983671,
                "MINWND": 0.0,
                "PWRSOL": 282.9949983671,
                "PWRWND": 0.0,
                "MINHYD": 2014.1295232171,
                "PWRHYD": 2014.1295232171
            }
        ],
        "t8": [
            {
                "MINCOA": 0.0,
                "MINGAS": 1657.9788162181,
                "PWRCOA": 0.0,
                "PWRGAS": 828.9894081091,
                "PWRTRN": 2584.6535739329,
                "MINSOL": 282.9949983671,
                "MINWND": 0.0,
                "PWRSOL": 282.9949983671,
                "PWRWND": 0.0,
                "MINHYD": 2014.1295232171,
                "PWRHYD": 2014.1295232171
            }
        ]
    }
}